"source_path","target_path","member_type","size_bytes","compressed_size_bytes","source_sha256","disposition","rationale","verification","target_sha256"
"video-production-core-main/",".","directory","0","0","","REFERENCE_ONLY","Archive container wrapper is stripped and is not reproduced inside the independent target.","EXCLUDED_CONTAINER_WRAPPER",""
"video-production-core-main/.gitattributes",".gitattributes","file","891","573","359495c6a0c8f942eaae3a7b9a424366bfced8030dd4ec774b541cbbb7f3d049","BASELINE_COPY","Exact source bytes retained as the compatibility baseline.","VERIFIED_EXACT","359495c6a0c8f942eaae3a7b9a424366bfced8030dd4ec774b541cbbb7f3d049"
"video-production-core-main/.gitignore",".gitignore","file","291","196","4681a40dfc513e667601f556a24a27315b20f105908af81d8ac6a90b55a841f0","BASELINE_COPY","Exact source bytes retained as the compatibility baseline.","VERIFIED_EXACT","4681a40dfc513e667601f556a24a27315b20f105908af81d8ac6a90b55a841f0"
"video-production-core-main/CHANGELOG.md","CHANGELOG.md","file","3198","1544","b117ddc2a16fa9a6bd73fdf7013c8d71445b8551be36d98ed914d5e4cc45d0e8","BASELINE_COPY","Exact source bytes retained as the compatibility baseline.","VERIFIED_EXACT","b117ddc2a16fa9a6bd73fdf7013c8d71445b8551be36d98ed914d5e4cc45d0e8"
"video-production-core-main/CONTRACTS.md","CONTRACTS.md","file","46249","16983","a3cdb6f1370f138e94a93f29499be46930678a44b2aafe6237cae9559f8368c6","BASELINE_COPY","Exact source bytes retained as the compatibility baseline.","VERIFIED_EXACT","a3cdb6f1370f138e94a93f29499be46930678a44b2aafe6237cae9559f8368c6"
"video-production-core-main/pyproject.toml","pyproject.toml","file","1446","799","cd3decf31d568d6162e5a9b2ef5a18277de79acb278ac1b395e042e64b1b59f7","BASELINE_COPY","Exact source bytes retained as the compatibility baseline.","VERIFIED_EXACT","cd3decf31d568d6162e5a9b2ef5a18277de79acb278ac1b395e042e64b1b59f7"
"video-production-core-main/README.md","README.md","file","4812","2301","c5f0a65b7eda37d6e995ee38b38ae3acd56dc984b62a255e4ca8b2090fc8ed3a","PORT_WITH_FIX","Repository-facing identity changed to be-lazy while legacy public identifiers remain compatibility contracts.","VERIFIED_PORT_WITH_FIX","83e90bc28f2140860fa881634d224aa041458c4e5f39e0bd021e3d9b9beae9db"
"video-production-core-main/schemas/","schemas/","directory","0","0","","REGENERATE","Directory entry is recreated implicitly by the controlled file import.","RECREATED_DIRECTORY",""
"video-production-core-main/schemas/analytics-record.schema.json","schemas/analytics-record.schema.json","file","2187","706","088c31a288089513d4fbe553af71d0c659e94e112902a19fd885dc44d1b9cb98","BASELINE_COPY","Exact source bytes retained as the compatibility baseline.","VERIFIED_EXACT","088c31a288089513d4fbe553af71d0c659e94e112902a19fd885dc44d1b9cb98"
"video-production-core-main/schemas/approval-requirement.schema.json","schemas/approval-requirement.schema.json","file","1408","431","8eafbac1260cf81fc849bcca23af63853b7098fba7cdc8be0ce06d59bdc87bd6","BASELINE_COPY","Exact source bytes retained as the compatibility baseline.","VERIFIED_EXACT","8eafbac1260cf81fc849bcca23af63853b7098fba7cdc8be0ce06d59bdc87bd6"
"video-production-core-main/schemas/artifact-common.schema.json","schemas/artifact-common.schema.json","file","7437","1283","0a94b9247517536b2c6cc4913ec28a670205e8250c3423c68557d18e6488613c","BASELINE_COPY","Exact source bytes retained as the compatibility baseline.","VERIFIED_EXACT","0a94b9247517536b2c6cc4913ec28a670205e8250c3423c68557d18e6488613c"
"video-production-core-main/schemas/brand-entity.schema.json","schemas/brand-entity.schema.json","file","5204","1171","7f4bdbe6e43e7af305a4ae7235e93eff05707b48976443c47fc884466f6eb364","BASELINE_COPY","Exact source bytes retained as the compatibility baseline.","VERIFIED_EXACT","7f4bdbe6e43e7af305a4ae7235e93eff05707b48976443c47fc884466f6eb364"
"video-production-core-main/schemas/brief.schema.json","schemas/brief.schema.json","file","1706","526","52d153a0282c5bc4ab29c221c9e41dec1503383432349bafd459e4b889919ef8","BASELINE_COPY","Exact source bytes retained as the compatibility baseline.","VERIFIED_EXACT","52d153a0282c5bc4ab29c221c9e41dec1503383432349bafd459e4b889919ef8"
"video-production-core-main/schemas/candidate-ranking.schema.json","schemas/candidate-ranking.schema.json","file","3334","795","9dce4b0961a6b33745c374ddd2fa7283dd14f59353176b5c26bfbc5dc960496f","BASELINE_COPY","Exact source bytes retained as the compatibility baseline.","VERIFIED_EXACT","9dce4b0961a6b33745c374ddd2fa7283dd14f59353176b5c26bfbc5dc960496f"
"video-production-core-main/schemas/channel-config.schema.json","schemas/channel-config.schema.json","file","839","365","f57e1135289f4d4cfb1543537832d0cdc760d39cbd47bdebfa6bdac65471ac7b","BASELINE_COPY","Exact source bytes retained as the compatibility baseline.","VERIFIED_EXACT","f57e1135289f4d4cfb1543537832d0cdc760d39cbd47bdebfa6bdac65471ac7b"
"video-production-core-main/schemas/concept-config.schema.json","schemas/concept-config.schema.json","file","839","364","2e3ce48989e3f3a923baad8eaa2cefd207e5e8e24089e1fc11f483a761147a93","BASELINE_COPY","Exact source bytes retained as the compatibility baseline.","VERIFIED_EXACT","2e3ce48989e3f3a923baad8eaa2cefd207e5e8e24089e1fc11f483a761147a93"
"video-production-core-main/schemas/config-layer.schema.json","schemas/config-layer.schema.json","file","2758","666","edc2cfddfedef4f6249169cabb7b21cb6cd785fb6c3df37242dedbcc987cd9d5","BASELINE_COPY","Exact source bytes retained as the compatibility baseline.","VERIFIED_EXACT","edc2cfddfedef4f6249169cabb7b21cb6cd785fb6c3df37242dedbcc987cd9d5"
"video-production-core-main/schemas/continuity-qc.schema.json","schemas/continuity-qc.schema.json","file","5972","1115","1e66faa4f4d698b121e79655196a3be1b4899bd8348909b3b18ef9b5afd46a6a","BASELINE_COPY","Exact source bytes retained as the compatibility baseline.","VERIFIED_EXACT","1e66faa4f4d698b121e79655196a3be1b4899bd8348909b3b18ef9b5afd46a6a"
"video-production-core-main/schemas/edit-manifest.schema.json","schemas/edit-manifest.schema.json","file","2324","654","cccae776aca87cde68463eba244f5071751fafe2b8c9d260f8e56cd7a91066d9","BASELINE_COPY","Exact source bytes retained as the compatibility baseline.","VERIFIED_EXACT","cccae776aca87cde68463eba244f5071751fafe2b8c9d260f8e56cd7a91066d9"
"video-production-core-main/schemas/effective-config.schema.json","schemas/effective-config.schema.json","file","4414","1004","a10b675e84283a8d77ea5edb51e949675573327ed338b0dc46620669bb7c83cf","BASELINE_COPY","Exact source bytes retained as the compatibility baseline.","VERIFIED_EXACT","a10b675e84283a8d77ea5edb51e949675573327ed338b0dc46620669bb7c83cf"
"video-production-core-main/schemas/encode-command-plan.schema.json","schemas/encode-command-plan.schema.json","file","2398","687","3ba268a6a8a31351c1b14cf28cfd9fab78904035d5372ceed7b8154fba322109","BASELINE_COPY","Exact source bytes retained as the compatibility baseline.","VERIFIED_EXACT","3ba268a6a8a31351c1b14cf28cfd9fab78904035d5372ceed7b8154fba322109"
"video-production-core-main/schemas/encode-request.schema.json","schemas/encode-request.schema.json","file","3733","971","d582387f9db594f20ff1b5916eba9e9cc6f236967b1b5e0b612ad48db06ec485","BASELINE_COPY","Exact source bytes retained as the compatibility baseline.","VERIFIED_EXACT","d582387f9db594f20ff1b5916eba9e9cc6f236967b1b5e0b612ad48db06ec485"
"video-production-core-main/schemas/episode-config.schema.json","schemas/episode-config.schema.json","file","839","364","a980de92d6300006a0cd6fd344a9bb0ef2872189446fa381a9a49b3a2e0fa6ca","BASELINE_COPY","Exact source bytes retained as the compatibility baseline.","VERIFIED_EXACT","a980de92d6300006a0cd6fd344a9bb0ef2872189446fa381a9a49b3a2e0fa6ca"
"video-production-core-main/schemas/external-call-reservation.schema.json","schemas/external-call-reservation.schema.json","file","2729","719","3e07d18d0931f2ea0c3a440cde726227ecae0feaf089bcf0b00d4863a14dcf39","BASELINE_COPY","Exact source bytes retained as the compatibility baseline.","VERIFIED_EXACT","3e07d18d0931f2ea0c3a440cde726227ecae0feaf089bcf0b00d4863a14dcf39"
"video-production-core-main/schemas/final-delivery.schema.json","schemas/final-delivery.schema.json","file","1462","451","e3145e44db743f05ca8248b668b5131cb6a9516f67b7af75b80dbd103781c121","BASELINE_COPY","Exact source bytes retained as the compatibility baseline.","VERIFIED_EXACT","e3145e44db743f05ca8248b668b5131cb6a9516f67b7af75b80dbd103781c121"
"video-production-core-main/schemas/final-review.schema.json","schemas/final-review.schema.json","file","1365","415","5d366e2b77478c2ae3108ff8f2ab2b83c54021396a69fe2325cf3bca692c28ef","BASELINE_COPY","Exact source bytes retained as the compatibility baseline.","VERIFIED_EXACT","5d366e2b77478c2ae3108ff8f2ab2b83c54021396a69fe2325cf3bca692c28ef"
"video-production-core-main/schemas/generation-day-brief.schema.json","schemas/generation-day-brief.schema.json","file","3502","836","8841ae6a29eaf5541bd400fb413ea1f48a0f1e11fbf423a87f33fb9b95056663","BASELINE_COPY","Exact source bytes retained as the compatibility baseline.","VERIFIED_EXACT","8841ae6a29eaf5541bd400fb413ea1f48a0f1e11fbf423a87f33fb9b95056663"
"video-production-core-main/schemas/generation-feasibility-review.schema.json","schemas/generation-feasibility-review.schema.json","file","3121","725","0f89c402293d39b0c220c3dfd51fe4a431686033bdea2a8ae0eac6c280b2886d","BASELINE_COPY","Exact source bytes retained as the compatibility baseline.","VERIFIED_EXACT","0f89c402293d39b0c220c3dfd51fe4a431686033bdea2a8ae0eac6c280b2886d"
"video-production-core-main/schemas/generation-packet.schema.json","schemas/generation-packet.schema.json","file","6441","1184","dcb9f708e82a1fd5a7064ddf19f8ed6c665ece84a99f975b955474378a6cccd9","BASELINE_COPY","Exact source bytes retained as the compatibility baseline.","VERIFIED_EXACT","dcb9f708e82a1fd5a7064ddf19f8ed6c665ece84a99f975b955474378a6cccd9"
"video-production-core-main/schemas/generation-packet-v2.schema.json","schemas/generation-packet-v2.schema.json","file","5968","1206","98ae8afcd03cc5048de48ca35d77c030ce2caea6ccd62f3ae07ece3347776552","BASELINE_COPY","Exact source bytes retained as the compatibility baseline.","VERIFIED_EXACT","98ae8afcd03cc5048de48ca35d77c030ce2caea6ccd62f3ae07ece3347776552"
"video-production-core-main/schemas/generation-packet-v2-1.schema.json","schemas/generation-packet-v2-1.schema.json","file","7402","1508","5c695a125c1b095321852116e635cd396c817f39ad5eb6197a9481955c2fd84a","BASELINE_COPY","Exact source bytes retained as the compatibility baseline.","VERIFIED_EXACT","5c695a125c1b095321852116e635cd396c817f39ad5eb6197a9481955c2fd84a"
"video-production-core-main/schemas/handoff-event.schema.json","schemas/handoff-event.schema.json","file","2090","549","efdee2b2162dd6b490cfc4595d6def5827da1b62e84d1ec7304a7babc18eda33","BASELINE_COPY","Exact source bytes retained as the compatibility baseline.","VERIFIED_EXACT","efdee2b2162dd6b490cfc4595d6def5827da1b62e84d1ec7304a7babc18eda33"
"video-production-core-main/schemas/handoff-result.schema.json","schemas/handoff-result.schema.json","file","4566","1023","a42d04be5aa8e12bf6ee185fab7424ee538325f7d72d3ac5f75b5e4c0389a586","BASELINE_COPY","Exact source bytes retained as the compatibility baseline.","VERIFIED_EXACT","a42d04be5aa8e12bf6ee185fab7424ee538325f7d72d3ac5f75b5e4c0389a586"
"video-production-core-main/schemas/handoff-task.schema.json","schemas/handoff-task.schema.json","file","4201","892","fa1916029c9955317057565b0e6162806a3c50d948a5054bd4bbeeea747aefa6","BASELINE_COPY","Exact source bytes retained as the compatibility baseline.","VERIFIED_EXACT","fa1916029c9955317057565b0e6162806a3c50d948a5054bd4bbeeea747aefa6"
"video-production-core-main/schemas/idea-candidates.schema.json","schemas/idea-candidates.schema.json","file","1726","545","e04f894948e70112fb5b6a14a5e02ea5ab5324983d9e3e16fb0cf4e30160dc35","BASELINE_COPY","Exact source bytes retained as the compatibility baseline.","VERIFIED_EXACT","e04f894948e70112fb5b6a14a5e02ea5ab5324983d9e3e16fb0cf4e30160dc35"
"video-production-core-main/schemas/idea-scorecard.schema.json","schemas/idea-scorecard.schema.json","file","3852","863","ff992efb0cd513bc126848e2a6f092243199abe7666b11c4e765cbec923ef6c8","BASELINE_COPY","Exact source bytes retained as the compatibility baseline.","VERIFIED_EXACT","ff992efb0cd513bc126848e2a6f092243199abe7666b11c4e765cbec923ef6c8"
"video-production-core-main/schemas/idea-scores.schema.json","schemas/idea-scores.schema.json","file","1590","524","98467f71de8fbd532b907ce74fcd5d46dc4c5eb57946c453bb73275f20c0a7be","BASELINE_COPY","Exact source bytes retained as the compatibility baseline.","VERIFIED_EXACT","98467f71de8fbd532b907ce74fcd5d46dc4c5eb57946c453bb73275f20c0a7be"
"video-production-core-main/schemas/next-step.schema.json","schemas/next-step.schema.json","file","3298","782","bbd30b53bc2ebe0d58b6beda2630d6b0508380047d21abfe95033fc0c68deeae","BASELINE_COPY","Exact source bytes retained as the compatibility baseline.","VERIFIED_EXACT","bbd30b53bc2ebe0d58b6beda2630d6b0508380047d21abfe95033fc0c68deeae"
"video-production-core-main/schemas/packet-approval.schema.json","schemas/packet-approval.schema.json","file","1525","529","298e4aba0896bed5f17acdb30044033895eb7fdce5f0868905bf387c6eac91be","BASELINE_COPY","Exact source bytes retained as the compatibility baseline.","VERIFIED_EXACT","298e4aba0896bed5f17acdb30044033895eb7fdce5f0868905bf387c6eac91be"
"video-production-core-main/schemas/packet-approval-v2.schema.json","schemas/packet-approval-v2.schema.json","file","1831","512","dbd0aeca1a8e06e0aef1a13b457a77e93c7d7ece684031ce739fc7d907a7e616","BASELINE_COPY","Exact source bytes retained as the compatibility baseline.","VERIFIED_EXACT","dbd0aeca1a8e06e0aef1a13b457a77e93c7d7ece684031ce739fc7d907a7e616"
"video-production-core-main/schemas/packet-review.schema.json","schemas/packet-review.schema.json","file","1604","513","7a2bd05740e0bac7a913138f1317604ac3a0131393778c1c03cf7e85b81fcc50","BASELINE_COPY","Exact source bytes retained as the compatibility baseline.","VERIFIED_EXACT","7a2bd05740e0bac7a913138f1317604ac3a0131393778c1c03cf7e85b81fcc50"
"video-production-core-main/schemas/publish-approval.schema.json","schemas/publish-approval.schema.json","file","1817","502","9ba9f0e1c1f618d8f7936ef50de15d178ba6b0b735f9c112a0eba2f05df5e85e","BASELINE_COPY","Exact source bytes retained as the compatibility baseline.","VERIFIED_EXACT","9ba9f0e1c1f618d8f7936ef50de15d178ba6b0b735f9c112a0eba2f05df5e85e"
"video-production-core-main/schemas/publish-metadata-draft.schema.json","schemas/publish-metadata-draft.schema.json","file","1887","577","bf5a687a6b2b323cc078ddc2f5c6a8c10c471e660468604fae7bd04fe2d4dd63","BASELINE_COPY","Exact source bytes retained as the compatibility baseline.","VERIFIED_EXACT","bf5a687a6b2b323cc078ddc2f5c6a8c10c471e660468604fae7bd04fe2d4dd63"
"video-production-core-main/schemas/reference-manifest.schema.json","schemas/reference-manifest.schema.json","file","1627","537","504c955671ead3b37d7bce0c7e832029b84aea03d5fb8f9b9e4cafd2be71b1b6","BASELINE_COPY","Exact source bytes retained as the compatibility baseline.","VERIFIED_EXACT","504c955671ead3b37d7bce0c7e832029b84aea03d5fb8f9b9e4cafd2be71b1b6"
"video-production-core-main/schemas/reference-review.schema.json","schemas/reference-review.schema.json","file","1893","590","7f4844a5d907afcce79631137fdc2cbe1544048ce1bfaab50a775c7197da8860","BASELINE_COPY","Exact source bytes retained as the compatibility baseline.","VERIFIED_EXACT","7f4844a5d907afcce79631137fdc2cbe1544048ce1bfaab50a775c7197da8860"
"video-production-core-main/schemas/retro-report.schema.json","schemas/retro-report.schema.json","file","3928","895","94e9a59e341e7af3f77e9acd59831f00c54ad4e6fa33dd216b3d4dcd0a88ff9a","BASELINE_COPY","Exact source bytes retained as the compatibility baseline.","VERIFIED_EXACT","94e9a59e341e7af3f77e9acd59831f00c54ad4e6fa33dd216b3d4dcd0a88ff9a"
"video-production-core-main/schemas/rough-cut-report.schema.json","schemas/rough-cut-report.schema.json","file","2640","721","f36c881b8740444dfae7d9d29b03af8cf129baea90025acd0b073e4e030166f0","BASELINE_COPY","Exact source bytes retained as the compatibility baseline.","VERIFIED_EXACT","f36c881b8740444dfae7d9d29b03af8cf129baea90025acd0b073e4e030166f0"
"video-production-core-main/schemas/shot-qc.schema.json","schemas/shot-qc.schema.json","file","2505","721","be1209b28766d98aabca80ac0949a3278984a62b9f563438dd5affd0c2536f0a","BASELINE_COPY","Exact source bytes retained as the compatibility baseline.","VERIFIED_EXACT","be1209b28766d98aabca80ac0949a3278984a62b9f563438dd5affd0c2536f0a"
"video-production-core-main/schemas/shot-qc-v2.schema.json","schemas/shot-qc-v2.schema.json","file","1626","477","323d95cf560146d762b040cc84d8512655b5143b272062e83d412d9fa1685d12","BASELINE_COPY","Exact source bytes retained as the compatibility baseline.","VERIFIED_EXACT","323d95cf560146d762b040cc84d8512655b5143b272062e83d412d9fa1685d12"
"video-production-core-main/schemas/storyboard.schema.json","schemas/storyboard.schema.json","file","3314","867","560eaa93ee7fa75c01ceb1ab7de70e512dc64f8c88819b42db35574e3c59086d","BASELINE_COPY","Exact source bytes retained as the compatibility baseline.","VERIFIED_EXACT","560eaa93ee7fa75c01ceb1ab7de70e512dc64f8c88819b42db35574e3c59086d"
"video-production-core-main/schemas/storyboard-approval.schema.json","schemas/storyboard-approval.schema.json","file","1420","519","7ee02de297c5a87689a00e422bbcf8c5c1342556c215b7e6f0727e8e84448bd3","BASELINE_COPY","Exact source bytes retained as the compatibility baseline.","VERIFIED_EXACT","7ee02de297c5a87689a00e422bbcf8c5c1342556c215b7e6f0727e8e84448bd3"
"video-production-core-main/schemas/storyboard-approval-v2.schema.json","schemas/storyboard-approval-v2.schema.json","file","1832","506","46c5f1053bfe6fef7f4479fee3c29e33558e7e6c25b2e2086b49ef2578f29fd6","BASELINE_COPY","Exact source bytes retained as the compatibility baseline.","VERIFIED_EXACT","46c5f1053bfe6fef7f4479fee3c29e33558e7e6c25b2e2086b49ef2578f29fd6"
"video-production-core-main/schemas/storyboard-review.schema.json","schemas/storyboard-review.schema.json","file","1489","503","79d2335791eae43d53f2cd602acee4d93076874fb617a87e5de87e1d6b2aa93d","BASELINE_COPY","Exact source bytes retained as the compatibility baseline.","VERIFIED_EXACT","79d2335791eae43d53f2cd602acee4d93076874fb617a87e5de87e1d6b2aa93d"
"video-production-core-main/schemas/workspace-config.schema.json","schemas/workspace-config.schema.json","file","851","368","09d8a33a44b2fa70faaf594bb3bdb55b851c604efa7e9b70a2c2c7f0c65d0227","BASELINE_COPY","Exact source bytes retained as the compatibility baseline.","VERIFIED_EXACT","09d8a33a44b2fa70faaf594bb3bdb55b851c604efa7e9b70a2c2c7f0c65d0227"
"video-production-core-main/src/","src/","directory","0","0","","REGENERATE","Directory entry is recreated implicitly by the controlled file import.","RECREATED_DIRECTORY",""
"video-production-core-main/src/video_factory/","src/video_factory/","directory","0","0","","REGENERATE","Directory entry is recreated implicitly by the controlled file import.","RECREATED_DIRECTORY",""
"video-production-core-main/src/video_factory/__init__.py","src/video_factory/__init__.py","file","156","117","ef537c5c7316419680fc4515de7f1c38b15dc612c0b7f56d663722853333f5db","BASELINE_COPY","Exact source bytes retained as the compatibility baseline.","VERIFIED_EXACT","ef537c5c7316419680fc4515de7f1c38b15dc612c0b7f56d663722853333f5db"
"video-production-core-main/src/video_factory/analytics/","src/video_factory/analytics/","directory","0","0","","REGENERATE","Directory entry is recreated implicitly by the controlled file import.","RECREATED_DIRECTORY",""
"video-production-core-main/src/video_factory/analytics/__init__.py","src/video_factory/analytics/__init__.py","file","967","413","41d2f9fdeb224e9512b69b436a0f10fc12b13da73374be02672ab7636b891cab","BASELINE_COPY","Exact source bytes retained as the compatibility baseline.","VERIFIED_EXACT","41d2f9fdeb224e9512b69b436a0f10fc12b13da73374be02672ab7636b891cab"
"video-production-core-main/src/video_factory/analytics/compute.py","src/video_factory/analytics/compute.py","file","11712","2948","f537a4de25e9600339c3701d9a5191659445bbe49b0d4b2f4cbfc4cb430119e7","BASELINE_COPY","Exact source bytes retained as the compatibility baseline.","VERIFIED_EXACT","f537a4de25e9600339c3701d9a5191659445bbe49b0d4b2f4cbfc4cb430119e7"
"video-production-core-main/src/video_factory/analytics/contracts.py","src/video_factory/analytics/contracts.py","file","3118","1130","a8e9269b8662563c4dec5eefc4a61da96b3cc737c4924138dc0f45170773885d","BASELINE_COPY","Exact source bytes retained as the compatibility baseline.","VERIFIED_EXACT","a8e9269b8662563c4dec5eefc4a61da96b3cc737c4924138dc0f45170773885d"
"video-production-core-main/src/video_factory/approvals/","src/video_factory/approvals/","directory","0","0","","REGENERATE","Directory entry is recreated implicitly by the controlled file import.","RECREATED_DIRECTORY",""
"video-production-core-main/src/video_factory/approvals/__init__.py","src/video_factory/approvals/__init__.py","file","807","250","2c07a934cf87cc8e152820593760d2fa19fc2c44558d2a5f7e8e58235a825955","BASELINE_COPY","Exact source bytes retained as the compatibility baseline.","VERIFIED_EXACT","2c07a934cf87cc8e152820593760d2fa19fc2c44558d2a5f7e8e58235a825955"
"video-production-core-main/src/video_factory/approvals/contracts.py","src/video_factory/approvals/contracts.py","file","885","411","ee068b30231585a05907dde2ace149df2dbafad7a96c81c45c62224b9298ee10","BASELINE_COPY","Exact source bytes retained as the compatibility baseline.","VERIFIED_EXACT","ee068b30231585a05907dde2ace149df2dbafad7a96c81c45c62224b9298ee10"
"video-production-core-main/src/video_factory/approvals/requirements.py","src/video_factory/approvals/requirements.py","file","14854","3625","6eb282c69b64300b68c53790980b52aeb2d9d30b25aa42f57e23404f8b237148","BASELINE_COPY","Exact source bytes retained as the compatibility baseline.","VERIFIED_EXACT","6eb282c69b64300b68c53790980b52aeb2d9d30b25aa42f57e23404f8b237148"
"video-production-core-main/src/video_factory/artifacts/","src/video_factory/artifacts/","directory","0","0","","REGENERATE","Directory entry is recreated implicitly by the controlled file import.","RECREATED_DIRECTORY",""
"video-production-core-main/src/video_factory/artifacts/__init__.py","src/video_factory/artifacts/__init__.py","file","827","253","3b9e09daee6311f57f065903ac25650a1df0809161e95c37c965207326dd30ca","BASELINE_COPY","Exact source bytes retained as the compatibility baseline.","VERIFIED_EXACT","3b9e09daee6311f57f065903ac25650a1df0809161e95c37c965207326dd30ca"
"video-production-core-main/src/video_factory/artifacts/registry.py","src/video_factory/artifacts/registry.py","file","5895","1895","c6e166d0f25d42fd8e16cac71531b584e7e278f16dca109a7d83f9a2f9b8b2d4","BASELINE_COPY","Exact source bytes retained as the compatibility baseline.","VERIFIED_EXACT","c6e166d0f25d42fd8e16cac71531b584e7e278f16dca109a7d83f9a2f9b8b2d4"
"video-production-core-main/src/video_factory/artifacts/validation.py","src/video_factory/artifacts/validation.py","file","11008","2629","76030c0ad9b73d89b6b5c5da2b0754b4f5a2a2627b387b33ed7c027b9b1911a5","BASELINE_COPY","Exact source bytes retained as the compatibility baseline.","VERIFIED_EXACT","76030c0ad9b73d89b6b5c5da2b0754b4f5a2a2627b387b33ed7c027b9b1911a5"
"video-production-core-main/src/video_factory/brand/","src/video_factory/brand/","directory","0","0","","REGENERATE","Directory entry is recreated implicitly by the controlled file import.","RECREATED_DIRECTORY",""
"video-production-core-main/src/video_factory/brand/__init__.py","src/video_factory/brand/__init__.py","file","1795","536","4736e3cd44eb1fbe653beaaf8959e5a239c1a38e86e2752655778baa6577e382","BASELINE_COPY","Exact source bytes retained as the compatibility baseline.","VERIFIED_EXACT","4736e3cd44eb1fbe653beaaf8959e5a239c1a38e86e2752655778baa6577e382"
"video-production-core-main/src/video_factory/brand/catalog.py","src/video_factory/brand/catalog.py","file","3901","1349","4dd8501b109a7aafcd1ee3ee459046d2b02d806f977d1bc0ecf4fe56c374e52e","BASELINE_COPY","Exact source bytes retained as the compatibility baseline.","VERIFIED_EXACT","4dd8501b109a7aafcd1ee3ee459046d2b02d806f977d1bc0ecf4fe56c374e52e"
"video-production-core-main/src/video_factory/brand/models.py","src/video_factory/brand/models.py","file","13556","3424","f8ac567ddaf9e4401a171a047a356d61d834dc28be51466ef3434b02e70f1fdd","BASELINE_COPY","Exact source bytes retained as the compatibility baseline.","VERIFIED_EXACT","f8ac567ddaf9e4401a171a047a356d61d834dc28be51466ef3434b02e70f1fdd"
"video-production-core-main/src/video_factory/brand/projection.py","src/video_factory/brand/projection.py","file","19776","4182","e3293da3eb93b7450f5360d85ad33ef9f7fe078b21c9e32f276e45fecf4371dc","BASELINE_COPY","Exact source bytes retained as the compatibility baseline.","VERIFIED_EXACT","e3293da3eb93b7450f5360d85ad33ef9f7fe078b21c9e32f276e45fecf4371dc"
"video-production-core-main/src/video_factory/cli/","src/video_factory/cli/","directory","0","0","","REGENERATE","Directory entry is recreated implicitly by the controlled file import.","RECREATED_DIRECTORY",""
"video-production-core-main/src/video_factory/cli/__init__.py","src/video_factory/cli/__init__.py","file","2225","655","b1238b4d663ec57d9a5b850676fb8b19aa43276dd61b0fba6dec01d0356415fc","BASELINE_COPY","Exact source bytes retained as the compatibility baseline.","VERIFIED_EXACT","b1238b4d663ec57d9a5b850676fb8b19aa43276dd61b0fba6dec01d0356415fc"
"video-production-core-main/src/video_factory/cli/handlers.py","src/video_factory/cli/handlers.py","file","41949","8580","bff57a26868008ce3c3b06c6471b6991b5218b1cd198cecaa2dada63453c97a1","BASELINE_COPY","Exact source bytes retained as the compatibility baseline.","VERIFIED_EXACT","bff57a26868008ce3c3b06c6471b6991b5218b1cd198cecaa2dada63453c97a1"
"video-production-core-main/src/video_factory/cli/main.py","src/video_factory/cli/main.py","file","9763","2557","5009b573edc8e030fdcabc5029bddb3f851c31cda79bb3404284400d67ba8582","BASELINE_COPY","Exact source bytes retained as the compatibility baseline.","VERIFIED_EXACT","5009b573edc8e030fdcabc5029bddb3f851c31cda79bb3404284400d67ba8582"
"video-production-core-main/src/video_factory/cli/recovery.py","src/video_factory/cli/recovery.py","file","9472","2845","4d88114b426c3222f531fc779bf392455a8c49b13dff6132d5f9b243c52719bf","BASELINE_COPY","Exact source bytes retained as the compatibility baseline.","VERIFIED_EXACT","4d88114b426c3222f531fc779bf392455a8c49b13dff6132d5f9b243c52719bf"
"video-production-core-main/src/video_factory/cli/registry.py","src/video_factory/cli/registry.py","file","7887","1740","2b544a3a29ce2b19d7f02e70894dcf176a5b42dc1773e58aa44daf076310b991","BASELINE_COPY","Exact source bytes retained as the compatibility baseline.","VERIFIED_EXACT","2b544a3a29ce2b19d7f02e70894dcf176a5b42dc1773e58aa44daf076310b991"
"video-production-core-main/src/video_factory/cli/specs.py","src/video_factory/cli/specs.py","file","1302","704","ac4589c47efb7551be8269bf099a55e67e733fe6b19aa48e6d148c796d27875d","BASELINE_COPY","Exact source bytes retained as the compatibility baseline.","VERIFIED_EXACT","ac4589c47efb7551be8269bf099a55e67e733fe6b19aa48e6d148c796d27875d"
"video-production-core-main/src/video_factory/config/","src/video_factory/config/","directory","0","0","","REGENERATE","Directory entry is recreated implicitly by the controlled file import.","RECREATED_DIRECTORY",""
"video-production-core-main/src/video_factory/config/__init__.py","src/video_factory/config/__init__.py","file","2532","722","259018e7e298627aa733298136665427f4611039bf8a351bd9cbc6f1727cc4a9","BASELINE_COPY","Exact source bytes retained as the compatibility baseline.","VERIFIED_EXACT","259018e7e298627aa733298136665427f4611039bf8a351bd9cbc6f1727cc4a9"
"video-production-core-main/src/video_factory/config/canonical.py","src/video_factory/config/canonical.py","file","2371","857","34c485de3faa9f518dbe46506ede56913cfcd3a4d404b828bf1f5e26fd615a13","BASELINE_COPY","Exact source bytes retained as the compatibility baseline.","VERIFIED_EXACT","34c485de3faa9f518dbe46506ede56913cfcd3a4d404b828bf1f5e26fd615a13"
"video-production-core-main/src/video_factory/config/contracts.py","src/video_factory/config/contracts.py","file","3624","1208","8146236156ae271e9837879eea24a73c34ace76cd6b9edc155885cd646c7e06f","BASELINE_COPY","Exact source bytes retained as the compatibility baseline.","VERIFIED_EXACT","8146236156ae271e9837879eea24a73c34ace76cd6b9edc155885cd646c7e06f"
"video-production-core-main/src/video_factory/config/drafts.py","src/video_factory/config/drafts.py","file","3388","883","13c8da7217403d6e38960e12851d889ecf0f5f724e4f0ea20921dadb02bb4a58","BASELINE_COPY","Exact source bytes retained as the compatibility baseline.","VERIFIED_EXACT","13c8da7217403d6e38960e12851d889ecf0f5f724e4f0ea20921dadb02bb4a58"
"video-production-core-main/src/video_factory/config/merge.py","src/video_factory/config/merge.py","file","15155","3907","eb63f11410c3c67b6ff3b89503457a029df66a01425bc7709f1e30c6e064da23","BASELINE_COPY","Exact source bytes retained as the compatibility baseline.","VERIFIED_EXACT","eb63f11410c3c67b6ff3b89503457a029df66a01425bc7709f1e30c6e064da23"
"video-production-core-main/src/video_factory/config/models.py","src/video_factory/config/models.py","file","15067","3651","21581a40d62ff543812fd7a673ca8aba3b26b224d90102ad6af2f2078b37b9bc","BASELINE_COPY","Exact source bytes retained as the compatibility baseline.","VERIFIED_EXACT","21581a40d62ff543812fd7a673ca8aba3b26b224d90102ad6af2f2078b37b9bc"
"video-production-core-main/src/video_factory/continuity/","src/video_factory/continuity/","directory","0","0","","REGENERATE","Directory entry is recreated implicitly by the controlled file import.","RECREATED_DIRECTORY",""
"video-production-core-main/src/video_factory/continuity/__init__.py","src/video_factory/continuity/__init__.py","file","1044","328","056629f3d39720e2d9debf0f4768179baed0a2f09023dff6e5db369d6008bacf","BASELINE_COPY","Exact source bytes retained as the compatibility baseline.","VERIFIED_EXACT","056629f3d39720e2d9debf0f4768179baed0a2f09023dff6e5db369d6008bacf"
"video-production-core-main/src/video_factory/continuity/contracts.py","src/video_factory/continuity/contracts.py","file","3599","1208","00a9140195c7ef9ac09f6bfbd66f794c2711c932e325abc73ba24dd1d89c8488","BASELINE_COPY","Exact source bytes retained as the compatibility baseline.","VERIFIED_EXACT","00a9140195c7ef9ac09f6bfbd66f794c2711c932e325abc73ba24dd1d89c8488"
"video-production-core-main/src/video_factory/continuity/plan.py","src/video_factory/continuity/plan.py","file","26469","5140","937c75b536e92f8caa4564bfab7494daaada189f09565c1b18d914a36c87d82b","BASELINE_COPY","Exact source bytes retained as the compatibility baseline.","VERIFIED_EXACT","937c75b536e92f8caa4564bfab7494daaada189f09565c1b18d914a36c87d82b"
"video-production-core-main/src/video_factory/distribution/","src/video_factory/distribution/","directory","0","0","","REGENERATE","Directory entry is recreated implicitly by the controlled file import.","RECREATED_DIRECTORY",""
"video-production-core-main/src/video_factory/distribution/__init__.py","src/video_factory/distribution/__init__.py","file","1617","572","22eb317f16153ac57d4781227003326d0a06c3a9a5561795efd180995e8443e2","BASELINE_COPY","Exact source bytes retained as the compatibility baseline.","VERIFIED_EXACT","22eb317f16153ac57d4781227003326d0a06c3a9a5561795efd180995e8443e2"
"video-production-core-main/src/video_factory/distribution/contracts.py","src/video_factory/distribution/contracts.py","file","2781","1198","479b2099b3d11522185ac65852e136a5acce9ced29ff065f0a221c0ddee1af8c","BASELINE_COPY","Exact source bytes retained as the compatibility baseline.","VERIFIED_EXACT","479b2099b3d11522185ac65852e136a5acce9ced29ff065f0a221c0ddee1af8c"
"video-production-core-main/src/video_factory/distribution/lock.py","src/video_factory/distribution/lock.py","file","19253","5058","1eb999aa3e6e22bd85d921466f85295773a281b112740db542ff035e4417f1ab","BASELINE_COPY","Exact source bytes retained as the compatibility baseline.","VERIFIED_EXACT","1eb999aa3e6e22bd85d921466f85295773a281b112740db542ff035e4417f1ab"
"video-production-core-main/src/video_factory/distribution/paths.py","src/video_factory/distribution/paths.py","file","6614","2196","2f8be1677a4d80f3fa2c6f67667e7940c8c5d99e1fba78383ba09a0537db61e4","BASELINE_COPY","Exact source bytes retained as the compatibility baseline.","VERIFIED_EXACT","2f8be1677a4d80f3fa2c6f67667e7940c8c5d99e1fba78383ba09a0537db61e4"
"video-production-core-main/src/video_factory/distribution/wheel_plan.py","src/video_factory/distribution/wheel_plan.py","file","3182","1164","8343097a9508c91439e4714d2b2f6363526121c550451c4c627f6eb84cfb4ead","BASELINE_COPY","Exact source bytes retained as the compatibility baseline.","VERIFIED_EXACT","8343097a9508c91439e4714d2b2f6363526121c550451c4c627f6eb84cfb4ead"
"video-production-core-main/src/video_factory/domain/","src/video_factory/domain/","directory","0","0","","REGENERATE","Directory entry is recreated implicitly by the controlled file import.","RECREATED_DIRECTORY",""
"video-production-core-main/src/video_factory/domain/__init__.py","src/video_factory/domain/__init__.py","file","695","268","7bfa4db2da327e4a2a4c225da13bcbc668cbf5e45e2a6104dfa5baae53423e61","BASELINE_COPY","Exact source bytes retained as the compatibility baseline.","VERIFIED_EXACT","7bfa4db2da327e4a2a4c225da13bcbc668cbf5e45e2a6104dfa5baae53423e61"
"video-production-core-main/src/video_factory/domain/contracts.py","src/video_factory/domain/contracts.py","file","1513","534","c81284cb0be41c74d7fe9b1c7a25097074aab427b6a2f76a4a5e945783c0928a","BASELINE_COPY","Exact source bytes retained as the compatibility baseline.","VERIFIED_EXACT","c81284cb0be41c74d7fe9b1c7a25097074aab427b6a2f76a4a5e945783c0928a"
"video-production-core-main/src/video_factory/encode/","src/video_factory/encode/","directory","0","0","","REGENERATE","Directory entry is recreated implicitly by the controlled file import.","RECREATED_DIRECTORY",""
"video-production-core-main/src/video_factory/encode/__init__.py","src/video_factory/encode/__init__.py","file","739","282","667e5424dbc12ddcc0e06a261e34267e3a5ef99b751b46a7cbc5afaa9047e532","BASELINE_COPY","Exact source bytes retained as the compatibility baseline.","VERIFIED_EXACT","667e5424dbc12ddcc0e06a261e34267e3a5ef99b751b46a7cbc5afaa9047e532"
"video-production-core-main/src/video_factory/encode/builder.py","src/video_factory/encode/builder.py","file","12590","2980","cd3beac10a32bceca2c9fe38e4a31e5f0039753b419ccf17eace6c446519d223","BASELINE_COPY","Exact source bytes retained as the compatibility baseline.","VERIFIED_EXACT","cd3beac10a32bceca2c9fe38e4a31e5f0039753b419ccf17eace6c446519d223"
"video-production-core-main/src/video_factory/encode/contracts.py","src/video_factory/encode/contracts.py","file","5744","2017","91cfadd0ffd2138087501f27576eda3495938a084615b443703327cc822da700","BASELINE_COPY","Exact source bytes retained as the compatibility baseline.","VERIFIED_EXACT","91cfadd0ffd2138087501f27576eda3495938a084615b443703327cc822da700"
"video-production-core-main/src/video_factory/engine/","src/video_factory/engine/","directory","0","0","","REGENERATE","Directory entry is recreated implicitly by the controlled file import.","RECREATED_DIRECTORY",""
"video-production-core-main/src/video_factory/engine/__init__.py","src/video_factory/engine/__init__.py","file","2770","846","7364f3ddbed07fc4cb859b2060c3d151cf1d99aa073a14ff248266036c42ff70","BASELINE_COPY","Exact source bytes retained as the compatibility baseline.","VERIFIED_EXACT","7364f3ddbed07fc4cb859b2060c3d151cf1d99aa073a14ff248266036c42ff70"
"video-production-core-main/src/video_factory/engine/artifact_graph.py","src/video_factory/engine/artifact_graph.py","file","12779","3235","f77e09a25c192d7a4227f1826cfa7806c8c49ef8cbb59e092d6795c0a9caaee7","BASELINE_COPY","Exact source bytes retained as the compatibility baseline.","VERIFIED_EXACT","f77e09a25c192d7a4227f1826cfa7806c8c49ef8cbb59e092d6795c0a9caaee7"
"video-production-core-main/src/video_factory/engine/contracts.py","src/video_factory/engine/contracts.py","file","1151","508","8009ca838bd990eedbfe0cfd6949edf3721c19cc092a07ca8df457759a182fd5","BASELINE_COPY","Exact source bytes retained as the compatibility baseline.","VERIFIED_EXACT","8009ca838bd990eedbfe0cfd6949edf3721c19cc092a07ca8df457759a182fd5"
"video-production-core-main/src/video_factory/engine/mode.py","src/video_factory/engine/mode.py","file","2414","852","a2021d0daf55b640db30dd6263b4ae9801eeb2bd54c11937eb84fec8e5dbdb6a","BASELINE_COPY","Exact source bytes retained as the compatibility baseline.","VERIFIED_EXACT","a2021d0daf55b640db30dd6263b4ae9801eeb2bd54c11937eb84fec8e5dbdb6a"
"video-production-core-main/src/video_factory/engine/orchestration.py","src/video_factory/engine/orchestration.py","file","62224","11595","05d053b2e74f3dccc419a67d462c2994b6c8a0bf3ed50f56ae10eb7fbeacacf3","BASELINE_COPY","Exact source bytes retained as the compatibility baseline.","VERIFIED_EXACT","05d053b2e74f3dccc419a67d462c2994b6c8a0bf3ed50f56ae10eb7fbeacacf3"
"video-production-core-main/src/video_factory/feasibility/","src/video_factory/feasibility/","directory","0","0","","REGENERATE","Directory entry is recreated implicitly by the controlled file import.","RECREATED_DIRECTORY",""
"video-production-core-main/src/video_factory/feasibility/__init__.py","src/video_factory/feasibility/__init__.py","file","550","204","577b6301431c6395dfcb1158182e25e0ee0ae5370f6de7da895c8bcf56e87471","BASELINE_COPY","Exact source bytes retained as the compatibility baseline.","VERIFIED_EXACT","577b6301431c6395dfcb1158182e25e0ee0ae5370f6de7da895c8bcf56e87471"
"video-production-core-main/src/video_factory/feasibility/contracts.py","src/video_factory/feasibility/contracts.py","file","1415","662","1e6bc9b3a0ee2fdd4082b26372905cef7f9565619ea0fb463b782bc603328259","BASELINE_COPY","Exact source bytes retained as the compatibility baseline.","VERIFIED_EXACT","1e6bc9b3a0ee2fdd4082b26372905cef7f9565619ea0fb463b782bc603328259"
"video-production-core-main/src/video_factory/feasibility/plan.py","src/video_factory/feasibility/plan.py","file","19957","4364","e8c0ff67d1617503b8ba8e5480fd82e00639ce132ff67ad99759f54eccb9ff90","BASELINE_COPY","Exact source bytes retained as the compatibility baseline.","VERIFIED_EXACT","e8c0ff67d1617503b8ba8e5480fd82e00639ce132ff67ad99759f54eccb9ff90"
"video-production-core-main/src/video_factory/lint/","src/video_factory/lint/","directory","0","0","","REGENERATE","Directory entry is recreated implicitly by the controlled file import.","RECREATED_DIRECTORY",""
"video-production-core-main/src/video_factory/lint/__init__.py","src/video_factory/lint/__init__.py","file","604","250","3afb7373b3e15f620f0156365834c23fe02228a957b4814f6a68b353eb854a5a","BASELINE_COPY","Exact source bytes retained as the compatibility baseline.","VERIFIED_EXACT","3afb7373b3e15f620f0156365834c23fe02228a957b4814f6a68b353eb854a5a"
"video-production-core-main/src/video_factory/lint/engine.py","src/video_factory/lint/engine.py","file","9264","2413","68e23c7ffcd73d78d536987351b7b45b32114a2c0c32fbfff20d7161526fb8b7","BASELINE_COPY","Exact source bytes retained as the compatibility baseline.","VERIFIED_EXACT","68e23c7ffcd73d78d536987351b7b45b32114a2c0c32fbfff20d7161526fb8b7"
"video-production-core-main/src/video_factory/lint/loader.py","src/video_factory/lint/loader.py","file","2130","798","9e82d9b7c1c8e9950ac6b936b9ec67cb06223e995f498acff29e526dd1776201","BASELINE_COPY","Exact source bytes retained as the compatibility baseline.","VERIFIED_EXACT","9e82d9b7c1c8e9950ac6b936b9ec67cb06223e995f498acff29e526dd1776201"
"video-production-core-main/src/video_factory/lint/rules.py","src/video_factory/lint/rules.py","file","5599","1663","aad3774bc93647c56f8a3a157e714842f79bc748f05ec962ec6207b68d98f193","BASELINE_COPY","Exact source bytes retained as the compatibility baseline.","VERIFIED_EXACT","aad3774bc93647c56f8a3a157e714842f79bc748f05ec962ec6207b68d98f193"
"video-production-core-main/src/video_factory/media/","src/video_factory/media/","directory","0","0","","REGENERATE","Directory entry is recreated implicitly by the controlled file import.","RECREATED_DIRECTORY",""
"video-production-core-main/src/video_factory/media/__init__.py","src/video_factory/media/__init__.py","file","398","177","c1fafb61e910f62494a7c93dace5507581068b97b0c2235918e97c8b2e8d3d8c","BASELINE_COPY","Exact source bytes retained as the compatibility baseline.","VERIFIED_EXACT","c1fafb61e910f62494a7c93dace5507581068b97b0c2235918e97c8b2e8d3d8c"
"video-production-core-main/src/video_factory/media/matching.py","src/video_factory/media/matching.py","file","4707","1389","ce8bc8ecbf101e5f2f97c05837c98395da45c0b6ce202f5918f9e03c44a459e2","BASELINE_COPY","Exact source bytes retained as the compatibility baseline.","VERIFIED_EXACT","ce8bc8ecbf101e5f2f97c05837c98395da45c0b6ce202f5918f9e03c44a459e2"
"video-production-core-main/src/video_factory/policy/","src/video_factory/policy/","directory","0","0","","REGENERATE","Directory entry is recreated implicitly by the controlled file import.","RECREATED_DIRECTORY",""
"video-production-core-main/src/video_factory/policy/__init__.py","src/video_factory/policy/__init__.py","file","1294","457","90e3736c8502019ee9b7fc80f22e69feeb3f880e070cbe46239c5c84f28f319c","BASELINE_COPY","Exact source bytes retained as the compatibility baseline.","VERIFIED_EXACT","90e3736c8502019ee9b7fc80f22e69feeb3f880e070cbe46239c5c84f28f319c"
"video-production-core-main/src/video_factory/policy/bridge.py","src/video_factory/policy/bridge.py","file","3610","1204","b785441d942a5742e64ac2395445f154520187b8b762597662f364975db77448","BASELINE_COPY","Exact source bytes retained as the compatibility baseline.","VERIFIED_EXACT","b785441d942a5742e64ac2395445f154520187b8b762597662f364975db77448"
"video-production-core-main/src/video_factory/policy/catalog.py","src/video_factory/policy/catalog.py","file","3644","1194","380109a426cd4290792749b1113705cdd0213dc00bf1a262a9281fdfef927e74","BASELINE_COPY","Exact source bytes retained as the compatibility baseline.","VERIFIED_EXACT","380109a426cd4290792749b1113705cdd0213dc00bf1a262a9281fdfef927e74"
"video-production-core-main/src/video_factory/policy/models.py","src/video_factory/policy/models.py","file","2945","1342","2a69031db692ba0dc28c165de661fc1b77bea1204a9be59d7c56c38f9af30e49","BASELINE_COPY","Exact source bytes retained as the compatibility baseline.","VERIFIED_EXACT","2a69031db692ba0dc28c165de661fc1b77bea1204a9be59d7c56c38f9af30e49"
"video-production-core-main/src/video_factory/policy/resolve.py","src/video_factory/policy/resolve.py","file","1689","702","4f16adb02c36f6bac7f6c41e9c613788aa60e573a1811503346b5a16a23ba1fb","BASELINE_COPY","Exact source bytes retained as the compatibility baseline.","VERIFIED_EXACT","4f16adb02c36f6bac7f6c41e9c613788aa60e573a1811503346b5a16a23ba1fb"
"video-production-core-main/src/video_factory/providers/","src/video_factory/providers/","directory","0","0","","REGENERATE","Directory entry is recreated implicitly by the controlled file import.","RECREATED_DIRECTORY",""
"video-production-core-main/src/video_factory/providers/__init__.py","src/video_factory/providers/__init__.py","file","2036","629","5a4d439fdc43d9e5e590042039f5570fe7b2098c83aea229bba3f5140ee2dcd0","BASELINE_COPY","Exact source bytes retained as the compatibility baseline.","VERIFIED_EXACT","5a4d439fdc43d9e5e590042039f5570fe7b2098c83aea229bba3f5140ee2dcd0"
"video-production-core-main/src/video_factory/providers/adapters.py","src/video_factory/providers/adapters.py","file","16955","3759","ae61b2e630e85b3263d6820e70f3da6e01821bbc52456c310aab474ed2662cd5","BASELINE_COPY","Exact source bytes retained as the compatibility baseline.","VERIFIED_EXACT","ae61b2e630e85b3263d6820e70f3da6e01821bbc52456c310aab474ed2662cd5"
"video-production-core-main/src/video_factory/providers/contracts.py","src/video_factory/providers/contracts.py","file","5650","1755","e4a273e25fc82b57b59375f1f568eba3179851b3b5c0c48217ed5707b486c36f","BASELINE_COPY","Exact source bytes retained as the compatibility baseline.","VERIFIED_EXACT","e4a273e25fc82b57b59375f1f568eba3179851b3b5c0c48217ed5707b486c36f"
"video-production-core-main/src/video_factory/providers/enforcement.py","src/video_factory/providers/enforcement.py","file","4350","1246","1d4dad1f5010c8f5e61b568e3202fd52012b74eb42ace19ae47f3e99d9aaa143","BASELINE_COPY","Exact source bytes retained as the compatibility baseline.","VERIFIED_EXACT","1d4dad1f5010c8f5e61b568e3202fd52012b74eb42ace19ae47f3e99d9aaa143"
"video-production-core-main/src/video_factory/providers/registry.py","src/video_factory/providers/registry.py","file","3312","1003","3d93f1ad31b341ac5ba68c8dded85da5e28a7bbfb8d6dbe9ad0db6a07ec70762","BASELINE_COPY","Exact source bytes retained as the compatibility baseline.","VERIFIED_EXACT","3d93f1ad31b341ac5ba68c8dded85da5e28a7bbfb8d6dbe9ad0db6a07ec70762"
"video-production-core-main/src/video_factory/qc/","src/video_factory/qc/","directory","0","0","","REGENERATE","Directory entry is recreated implicitly by the controlled file import.","RECREATED_DIRECTORY",""
"video-production-core-main/src/video_factory/qc/__init__.py","src/video_factory/qc/__init__.py","file","944","339","6b7f2db6b31cf4e551e56b8ea2fdb072c6d0a4a85e5c3199c7f6911b79d3370e","BASELINE_COPY","Exact source bytes retained as the compatibility baseline.","VERIFIED_EXACT","6b7f2db6b31cf4e551e56b8ea2fdb072c6d0a4a85e5c3199c7f6911b79d3370e"
"video-production-core-main/src/video_factory/qc/contracts.py","src/video_factory/qc/contracts.py","file","1414","566","2cada2cbe98647ab3f8546b3eab7d8bb45504d84f1ddba34f0ae3719769de550","BASELINE_COPY","Exact source bytes retained as the compatibility baseline.","VERIFIED_EXACT","2cada2cbe98647ab3f8546b3eab7d8bb45504d84f1ddba34f0ae3719769de550"
"video-production-core-main/src/video_factory/qc/plan.py","src/video_factory/qc/plan.py","file","27019","5913","0fad7f5892bdce2396812b49e438f241f417ed1090c5edf40399653e06ac52f2","BASELINE_COPY","Exact source bytes retained as the compatibility baseline.","VERIFIED_EXACT","0fad7f5892bdce2396812b49e438f241f417ed1090c5edf40399653e06ac52f2"
"video-production-core-main/src/video_factory/review/","src/video_factory/review/","directory","0","0","","REGENERATE","Directory entry is recreated implicitly by the controlled file import.","RECREATED_DIRECTORY",""
"video-production-core-main/src/video_factory/review/__init__.py","src/video_factory/review/__init__.py","file","260","138","b8e8c02a556700204434884e71e569491bf626cff4e69990dcad8af4d3ba8a96","BASELINE_COPY","Exact source bytes retained as the compatibility baseline.","VERIFIED_EXACT","b8e8c02a556700204434884e71e569491bf626cff4e69990dcad8af4d3ba8a96"
"video-production-core-main/src/video_factory/review/contracts.py","src/video_factory/review/contracts.py","file","1040","475","fb83c6dcd61bc95642f19e11008fc453cf115c356884f76ef54e2b9b58a9ff97","BASELINE_COPY","Exact source bytes retained as the compatibility baseline.","VERIFIED_EXACT","fb83c6dcd61bc95642f19e11008fc453cf115c356884f76ef54e2b9b58a9ff97"
"video-production-core-main/src/video_factory/security/","src/video_factory/security/","directory","0","0","","REGENERATE","Directory entry is recreated implicitly by the controlled file import.","RECREATED_DIRECTORY",""
"video-production-core-main/src/video_factory/security/__init__.py","src/video_factory/security/__init__.py","file","512","226","dafba3adb9ce075f2e922188514141fe3d329dfbba17be20fd35c8736f172557","BASELINE_COPY","Exact source bytes retained as the compatibility baseline.","VERIFIED_EXACT","dafba3adb9ce075f2e922188514141fe3d329dfbba17be20fd35c8736f172557"
"video-production-core-main/src/video_factory/security/contracts.py","src/video_factory/security/contracts.py","file","803","355","b6c9ab07120960b2016c0643656eb45fdb427913ca25f221d749903020fb4e73","BASELINE_COPY","Exact source bytes retained as the compatibility baseline.","VERIFIED_EXACT","b6c9ab07120960b2016c0643656eb45fdb427913ca25f221d749903020fb4e73"
"video-production-core-main/src/video_factory/security/purity.py","src/video_factory/security/purity.py","file","6534","2300","80f623d2203b8913ae992d1248aa1d0c4cab23fa553a126106b44d63ff48af43","PORT_WITH_FIX","Target engineering control and immutable provenance paths are narrowly excluded from product-neutrality scanning; product paths remain enforced.","VERIFIED_PORT_WITH_FIX","64dd03f5dae4df29dbd41ac790cf3499dbecf9449aee159a5b4feaa47fb075f1"
"video-production-core-main/src/video_factory/sheets/","src/video_factory/sheets/","directory","0","0","","REGENERATE","Directory entry is recreated implicitly by the controlled file import.","RECREATED_DIRECTORY",""
"video-production-core-main/src/video_factory/sheets/__init__.py","src/video_factory/sheets/__init__.py","file","288","164","484d77eb8f74ff0d8b95f5f0358bb631b59998da264471453aa09c6b9d3fd819","BASELINE_COPY","Exact source bytes retained as the compatibility baseline.","VERIFIED_EXACT","484d77eb8f74ff0d8b95f5f0358bb631b59998da264471453aa09c6b9d3fd819"
"video-production-core-main/src/video_factory/sheets/generation.py","src/video_factory/sheets/generation.py","file","11562","3166","7629dfe663eee229b8c60239deb5904b1a79d8afe20b18f58d5d98c55d08db5e","BASELINE_COPY","Exact source bytes retained as the compatibility baseline.","VERIFIED_EXACT","7629dfe663eee229b8c60239deb5904b1a79d8afe20b18f58d5d98c55d08db5e"
"video-production-core-main/src/video_factory/storage/","src/video_factory/storage/","directory","0","0","","REGENERATE","Directory entry is recreated implicitly by the controlled file import.","RECREATED_DIRECTORY",""
"video-production-core-main/src/video_factory/storage/__init__.py","src/video_factory/storage/__init__.py","file","1880","551","17ec032c0fd7ce1db65b8ae6ad31740c437cdbfb05675000f2291a85692b1d39","BASELINE_COPY","Exact source bytes retained as the compatibility baseline.","VERIFIED_EXACT","17ec032c0fd7ce1db65b8ae6ad31740c437cdbfb05675000f2291a85692b1d39"
"video-production-core-main/src/video_factory/storage/contracts.py","src/video_factory/storage/contracts.py","file","1635","571","9f280227b3f91e214b772e3c14fba3d4fb8c9e7cfc0638785b062301e64be202","BASELINE_COPY","Exact source bytes retained as the compatibility baseline.","VERIFIED_EXACT","9f280227b3f91e214b772e3c14fba3d4fb8c9e7cfc0638785b062301e64be202"
"video-production-core-main/src/video_factory/storage/frozen_index.py","src/video_factory/storage/frozen_index.py","file","6808","2293","d49086bd5bca6bc8b74a8ca45447af9230852f1a6ce7cd026454b1f62b73febd","BASELINE_COPY","Exact source bytes retained as the compatibility baseline.","VERIFIED_EXACT","d49086bd5bca6bc8b74a8ca45447af9230852f1a6ce7cd026454b1f62b73febd"
"video-production-core-main/src/video_factory/storage/workspace_export.py","src/video_factory/storage/workspace_export.py","file","11486","3499","d566a4300d50a0e4863ad6175df24a0c906bf50bc57dc6f92249aa61b91b000e","BASELINE_COPY","Exact source bytes retained as the compatibility baseline.","VERIFIED_EXACT","d566a4300d50a0e4863ad6175df24a0c906bf50bc57dc6f92249aa61b91b000e"
"video-production-core-main/src/video_factory/storage/workspace_init.py","src/video_factory/storage/workspace_init.py","file","8677","2691","5787c19ed803cbf36d6031ea793665c513587c8b93c8bcd4ac6411be6616173a","BASELINE_COPY","Exact source bytes retained as the compatibility baseline.","VERIFIED_EXACT","5787c19ed803cbf36d6031ea793665c513587c8b93c8bcd4ac6411be6616173a"
"video-production-core-main/tests/","tests/","directory","0","0","","REGENERATE","Directory entry is recreated implicitly by the controlled file import.","RECREATED_DIRECTORY",""
"video-production-core-main/tests/compatibility/","tests/compatibility/","directory","0","0","","REGENERATE","Directory entry is recreated implicitly by the controlled file import.","RECREATED_DIRECTORY",""
"video-production-core-main/tests/compatibility/test_public_contract.py","tests/compatibility/test_public_contract.py","file","2867","935","8da2ee0b0f414851df12fedbe95ee2d87f3589cb728ac861ba4bf7fa08f528e3","BASELINE_COPY","Exact source bytes retained as the compatibility baseline.","VERIFIED_EXACT","8da2ee0b0f414851df12fedbe95ee2d87f3589cb728ac861ba4bf7fa08f528e3"
"video-production-core-main/tests/compatibility/test_synthetic_adapter_contract.py","tests/compatibility/test_synthetic_adapter_contract.py","file","8350","2295","038576d2f2d22a07bc06d8bc0721737eba2e064da2e1e1a66bb29c11d64657b5","BASELINE_COPY","Exact source bytes retained as the compatibility baseline.","VERIFIED_EXACT","038576d2f2d22a07bc06d8bc0721737eba2e064da2e1e1a66bb29c11d64657b5"
"video-production-core-main/tests/conftest.py","tests/conftest.py","file","959","495","7f17cdb2b154abe031090d234cde3f98386b82dc1f9b2aeecaf31e686d5d7d04","BASELINE_COPY","Exact source bytes retained as the compatibility baseline.","VERIFIED_EXACT","7f17cdb2b154abe031090d234cde3f98386b82dc1f9b2aeecaf31e686d5d7d04"
"video-production-core-main/tests/fixtures/","tests/fixtures/","directory","0","0","","REGENERATE","Directory entry is recreated implicitly by the controlled file import.","RECREATED_DIRECTORY",""
"video-production-core-main/tests/fixtures/brand_character_shadow.json","tests/fixtures/brand_character_shadow.json","file","1312","598","46c3b0592ecfdd494754547e6c9da7fbe2c19f15f202c81524722bc57f5b05d2","BASELINE_COPY","Exact source bytes retained as the compatibility baseline.","VERIFIED_EXACT","46c3b0592ecfdd494754547e6c9da7fbe2c19f15f202c81524722bc57f5b05d2"
"video-production-core-main/tests/fixtures/brand_location_shadow.json","tests/fixtures/brand_location_shadow.json","file","989","485","f884f8424754db2fc4832aa8086f153609211f14b42c6f148a39121fb8f732b2","BASELINE_COPY","Exact source bytes retained as the compatibility baseline.","VERIFIED_EXACT","f884f8424754db2fc4832aa8086f153609211f14b42c6f148a39121fb8f732b2"
"video-production-core-main/tests/fixtures/channel_config.json","tests/fixtures/channel_config.json","file","437","216","a27d8a4cd27dfb823d5686f0493ff6380ea907cad14e00dda06ea793d3f9c238","BASELINE_COPY","Exact source bytes retained as the compatibility baseline.","VERIFIED_EXACT","a27d8a4cd27dfb823d5686f0493ff6380ea907cad14e00dda06ea793d3f9c238"
"video-production-core-main/tests/fixtures/concept_config.json","tests/fixtures/concept_config.json","file","256","153","693f6c60cd8455a8949c9b1ad2d1781b98f2895db52412100e5ee66a22fefd77","BASELINE_COPY","Exact source bytes retained as the compatibility baseline.","VERIFIED_EXACT","693f6c60cd8455a8949c9b1ad2d1781b98f2895db52412100e5ee66a22fefd77"
"video-production-core-main/tests/fixtures/episode_config.json","tests/fixtures/episode_config.json","file","304","170","db84ee8294d8715da4566f30650612817574e30166283b995ee88a1c48e6711e","BASELINE_COPY","Exact source bytes retained as the compatibility baseline.","VERIFIED_EXACT","db84ee8294d8715da4566f30650612817574e30166283b995ee88a1c48e6711e"
"video-production-core-main/tests/fixtures/README.md","tests/fixtures/README.md","file","202","146","1a762592a8adef40be496ef0a8a3ea8c5a9f8da49b961d22c6081a7ecef7ed6c","BASELINE_COPY","Exact source bytes retained as the compatibility baseline.","VERIFIED_EXACT","1a762592a8adef40be496ef0a8a3ea8c5a9f8da49b961d22c6081a7ecef7ed6c"
"video-production-core-main/tests/fixtures/sample_artifact.json","tests/fixtures/sample_artifact.json","file","129","95","34f60a2f7a637de9f9ebe0960b2e1b2b40ff5307236f6fd95e102ba339e819c6","BASELINE_COPY","Exact source bytes retained as the compatibility baseline.","VERIFIED_EXACT","34f60a2f7a637de9f9ebe0960b2e1b2b40ff5307236f6fd95e102ba339e819c6"
"video-production-core-main/tests/fixtures/workspace_config.json","tests/fixtures/workspace_config.json","file","359","191","8a4c27a9723f875abcbba84688375e0b61dc25cd7def19ca295608d692831ec4","BASELINE_COPY","Exact source bytes retained as the compatibility baseline.","VERIFIED_EXACT","8a4c27a9723f875abcbba84688375e0b61dc25cd7def19ca295608d692831ec4"
"video-production-core-main/tests/integration/","tests/integration/","directory","0","0","","REGENERATE","Directory entry is recreated implicitly by the controlled file import.","RECREATED_DIRECTORY",""
"video-production-core-main/tests/integration/test_temp_workspace_pipeline.py","tests/integration/test_temp_workspace_pipeline.py","file","7211","2287","d32ad2bcc499e63f3d810dae3771650652877517b097620662958c8277d86ab1","BASELINE_COPY","Exact source bytes retained as the compatibility baseline.","VERIFIED_EXACT","d32ad2bcc499e63f3d810dae3771650652877517b097620662958c8277d86ab1"
"video-production-core-main/tests/unit/","tests/unit/","directory","0","0","","REGENERATE","Directory entry is recreated implicitly by the controlled file import.","RECREATED_DIRECTORY",""
"video-production-core-main/tests/unit/test_adapter_runtime.py","tests/unit/test_adapter_runtime.py","file","18104","4309","1afe0ee20e9aae7f8247ec8729158e0bfadcf8ee2dba6d43be5cbd52c136dcba","BASELINE_COPY","Exact source bytes retained as the compatibility baseline.","VERIFIED_EXACT","1afe0ee20e9aae7f8247ec8729158e0bfadcf8ee2dba6d43be5cbd52c136dcba"
"video-production-core-main/tests/unit/test_approval_requirements.py","tests/unit/test_approval_requirements.py","file","5959","1374","3d5a96fb3346e82f61bf5b2999976e169ae4c4e0df2aeb7a7d0ca2cc432e4844","BASELINE_COPY","Exact source bytes retained as the compatibility baseline.","VERIFIED_EXACT","3d5a96fb3346e82f61bf5b2999976e169ae4c4e0df2aeb7a7d0ca2cc432e4844"
"video-production-core-main/tests/unit/test_artifact_graph.py","tests/unit/test_artifact_graph.py","file","2082","739","af4ee3634f86c53ba37ad796f492368b385737e4958c3ec418ad570d5ced24d9","BASELINE_COPY","Exact source bytes retained as the compatibility baseline.","VERIFIED_EXACT","af4ee3634f86c53ba37ad796f492368b385737e4958c3ec418ad570d5ced24d9"
"video-production-core-main/tests/unit/test_artifact_schemas.py","tests/unit/test_artifact_schemas.py","file","46168","8994","9775153856c9432f7e76aae7122b88b7e099b469d7d5711a6bf785e638a839ad","BASELINE_COPY","Exact source bytes retained as the compatibility baseline.","VERIFIED_EXACT","9775153856c9432f7e76aae7122b88b7e099b469d7d5711a6bf785e638a839ad"
"video-production-core-main/tests/unit/test_brand_projection.py","tests/unit/test_brand_projection.py","file","4083","1412","f7ff03ed8d38f12a7dca9d7f172bad69e72b3451f5a636913c0af0f105ec0a96","BASELINE_COPY","Exact source bytes retained as the compatibility baseline.","VERIFIED_EXACT","f7ff03ed8d38f12a7dca9d7f172bad69e72b3451f5a636913c0af0f105ec0a96"
"video-production-core-main/tests/unit/test_brand_schema.py","tests/unit/test_brand_schema.py","file","1986","799","832b031bb7a0a169542021e5080574dabf5e3e54da3b4fbf690bd9c1df774b55","BASELINE_COPY","Exact source bytes retained as the compatibility baseline.","VERIFIED_EXACT","832b031bb7a0a169542021e5080574dabf5e3e54da3b4fbf690bd9c1df774b55"
"video-production-core-main/tests/unit/test_cli_commands.py","tests/unit/test_cli_commands.py","file","7923","2200","02026ac3f255e1825bb3fdfa803ef46a2900b1e09d90378319e6bd370d4fcf86","BASELINE_COPY","Exact source bytes retained as the compatibility baseline.","VERIFIED_EXACT","02026ac3f255e1825bb3fdfa803ef46a2900b1e09d90378319e6bd370d4fcf86"
"video-production-core-main/tests/unit/test_cli_plan_commands.py","tests/unit/test_cli_plan_commands.py","file","5757","1809","8dedb11eab4c18f8174af98819a4410b7bf42cbdcf30d2ccf39fb843d73fb434","BASELINE_COPY","Exact source bytes retained as the compatibility baseline.","VERIFIED_EXACT","8dedb11eab4c18f8174af98819a4410b7bf42cbdcf30d2ccf39fb843d73fb434"
"video-production-core-main/tests/unit/test_compute_retro.py","tests/unit/test_compute_retro.py","file","8445","1946","270f07b9253832e11f5b71bf862e8cc2584abc33304ab452de6e697dea5592e8","BASELINE_COPY","Exact source bytes retained as the compatibility baseline.","VERIFIED_EXACT","270f07b9253832e11f5b71bf862e8cc2584abc33304ab452de6e697dea5592e8"
"video-production-core-main/tests/unit/test_config_merge.py","tests/unit/test_config_merge.py","file","11120","2895","a50b358deb1dfaf7c6943dbd67c8030e4330b7e5974ffe00d31e4625b9102c08","BASELINE_COPY","Exact source bytes retained as the compatibility baseline.","VERIFIED_EXACT","a50b358deb1dfaf7c6943dbd67c8030e4330b7e5974ffe00d31e4625b9102c08"
"video-production-core-main/tests/unit/test_config_schemas.py","tests/unit/test_config_schemas.py","file","4654","1548","8833cac00bf38a1291ec97312bba6690ab95d1b778f24cd01fc288d57766a7e0","BASELINE_COPY","Exact source bytes retained as the compatibility baseline.","VERIFIED_EXACT","8833cac00bf38a1291ec97312bba6690ab95d1b778f24cd01fc288d57766a7e0"
"video-production-core-main/tests/unit/test_continuity_plan.py","tests/unit/test_continuity_plan.py","file","11131","2652","5fa3fb3b10c7829115a51f61774e7178489746a12befa3c17678c116a3c71192","BASELINE_COPY","Exact source bytes retained as the compatibility baseline.","VERIFIED_EXACT","5fa3fb3b10c7829115a51f61774e7178489746a12befa3c17678c116a3c71192"
"video-production-core-main/tests/unit/test_contract_shapes.py","tests/unit/test_contract_shapes.py","file","2728","882","4ee36007f3a13a9269f842fb6085768b2358adb42e33b31b662af27cbc164257","BASELINE_COPY","Exact source bytes retained as the compatibility baseline.","VERIFIED_EXACT","4ee36007f3a13a9269f842fb6085768b2358adb42e33b31b662af27cbc164257"
"video-production-core-main/tests/unit/test_core_lock.py","tests/unit/test_core_lock.py","file","8954","2351","7d7440ce3ef70df8918c6ba74fd197027edfa0a9ad68605074d23314bdbf1ec1","BASELINE_COPY","Exact source bytes retained as the compatibility baseline.","VERIFIED_EXACT","7d7440ce3ef70df8918c6ba74fd197027edfa0a9ad68605074d23314bdbf1ec1"
"video-production-core-main/tests/unit/test_core_purity.py","tests/unit/test_core_purity.py","file","516","278","e8b4f41d4eab783717208ae7053314a7e1016cee51ba11cc734ee75fdf9447ab","BASELINE_COPY","Exact source bytes retained as the compatibility baseline.","VERIFIED_EXACT","e8b4f41d4eab783717208ae7053314a7e1016cee51ba11cc734ee75fdf9447ab"
"video-production-core-main/tests/unit/test_cross_platform_paths.py","tests/unit/test_cross_platform_paths.py","file","6141","1715","f3fee5d4f86048a6a3a43bf65f70e521e7b5646c002cb50034043219422cc333","BASELINE_COPY","Exact source bytes retained as the compatibility baseline.","VERIFIED_EXACT","f3fee5d4f86048a6a3a43bf65f70e521e7b5646c002cb50034043219422cc333"
"video-production-core-main/tests/unit/test_doctor_extension.py","tests/unit/test_doctor_extension.py","file","3455","1171","64f1d8decc520bc24f094d9902ae91436aef98b81c9e9e7224b27ec519826654","BASELINE_COPY","Exact source bytes retained as the compatibility baseline.","VERIFIED_EXACT","64f1d8decc520bc24f094d9902ae91436aef98b81c9e9e7224b27ec519826654"
"video-production-core-main/tests/unit/test_encode_builder.py","tests/unit/test_encode_builder.py","file","5772","1605","54bc235a2d9e7e88b4f657aaec598fc4bf0a8b2fb3ce169b1e0eb56393eb9f5e","BASELINE_COPY","Exact source bytes retained as the compatibility baseline.","VERIFIED_EXACT","54bc235a2d9e7e88b4f657aaec598fc4bf0a8b2fb3ce169b1e0eb56393eb9f5e"
"video-production-core-main/tests/unit/test_feasibility_carryover.py","tests/unit/test_feasibility_carryover.py","file","10899","2616","272b3bf6d7c7a1dc87213c1bcc3a7576ce887507fc8cccea8ebbcec053e75ec3","BASELINE_COPY","Exact source bytes retained as the compatibility baseline.","VERIFIED_EXACT","272b3bf6d7c7a1dc87213c1bcc3a7576ce887507fc8cccea8ebbcec053e75ec3"
"video-production-core-main/tests/unit/test_feasibility_plan.py","tests/unit/test_feasibility_plan.py","file","4557","1365","279874bcaa9e2ee01440933500d4370dfbe6771202977424662772aabc0ab1c7","BASELINE_COPY","Exact source bytes retained as the compatibility baseline.","VERIFIED_EXACT","279874bcaa9e2ee01440933500d4370dfbe6771202977424662772aabc0ab1c7"
"video-production-core-main/tests/unit/test_frozen_index.py","tests/unit/test_frozen_index.py","file","3813","1183","018818530c5650aa1bfb4b2e3447ce94f417b49c65129f4575a8b11d95fef5a4","BASELINE_COPY","Exact source bytes retained as the compatibility baseline.","VERIFIED_EXACT","018818530c5650aa1bfb4b2e3447ce94f417b49c65129f4575a8b11d95fef5a4"
"video-production-core-main/tests/unit/test_generation_sheet.py","tests/unit/test_generation_sheet.py","file","5356","1635","e023bc1507e3ae320a3be9ca250f6959591f9e83f48ec3fbf53083bdde42b509","BASELINE_COPY","Exact source bytes retained as the compatibility baseline.","VERIFIED_EXACT","e023bc1507e3ae320a3be9ca250f6959591f9e83f48ec3fbf53083bdde42b509"
"video-production-core-main/tests/unit/test_imports.py","tests/unit/test_imports.py","file","1331","565","d6f7af24cb9d9913d4ae3ee625bdca87866a39eeb1cd168564a729af51271625","BASELINE_COPY","Exact source bytes retained as the compatibility baseline.","VERIFIED_EXACT","d6f7af24cb9d9913d4ae3ee625bdca87866a39eeb1cd168564a729af51271625"
"video-production-core-main/tests/unit/test_lint_engine.py","tests/unit/test_lint_engine.py","file","4497","1408","c9fa88949c545b44401c28e8ab838da798bb7533cd030b8815f3586b57cf5c36","BASELINE_COPY","Exact source bytes retained as the compatibility baseline.","VERIFIED_EXACT","c9fa88949c545b44401c28e8ab838da798bb7533cd030b8815f3586b57cf5c36"
"video-production-core-main/tests/unit/test_live_health_observation.py","tests/unit/test_live_health_observation.py","file","2247","946","47b0044d2caf40603f17388b371a6f6081d090edab88fc5b19d0e3f1fb41f36b","BASELINE_COPY","Exact source bytes retained as the compatibility baseline.","VERIFIED_EXACT","47b0044d2caf40603f17388b371a6f6081d090edab88fc5b19d0e3f1fb41f36b"
"video-production-core-main/tests/unit/test_media_matching.py","tests/unit/test_media_matching.py","file","2650","791","3beaf795504d3fb50b1511f289e36a9a194785e4e8369f8ab5b24e31c3042226","BASELINE_COPY","Exact source bytes retained as the compatibility baseline.","VERIFIED_EXACT","3beaf795504d3fb50b1511f289e36a9a194785e4e8369f8ab5b24e31c3042226"
"video-production-core-main/tests/unit/test_orchestration_plan.py","tests/unit/test_orchestration_plan.py","file","29700","5419","ce62b2283b33320c5ef06bf177c1841ae0289c62d807e8f4ccc6a79afd1ccb4b","BASELINE_COPY","Exact source bytes retained as the compatibility baseline.","VERIFIED_EXACT","ce62b2283b33320c5ef06bf177c1841ae0289c62d807e8f4ccc6a79afd1ccb4b"
"video-production-core-main/tests/unit/test_qc_plan.py","tests/unit/test_qc_plan.py","file","7357","1852","8d656460e83fe4880bdc080356e48cc0b78edd7e9c8709b979e10502b7aeba63","BASELINE_COPY","Exact source bytes retained as the compatibility baseline.","VERIFIED_EXACT","8d656460e83fe4880bdc080356e48cc0b78edd7e9c8709b979e10502b7aeba63"
"video-production-core-main/tests/unit/test_repo_isolation.py","tests/unit/test_repo_isolation.py","file","3704","1306","a953ee087e8350dd224d5b3573040fca93e87388e79f84bf3b271266b87ffcd6","BASELINE_COPY","Exact source bytes retained as the compatibility baseline.","VERIFIED_EXACT","a953ee087e8350dd224d5b3573040fca93e87388e79f84bf3b271266b87ffcd6"
"video-production-core-main/tests/unit/test_severity_consistency.py","tests/unit/test_severity_consistency.py","file","2733","830","255cfd869b8089e92b8489ffb3b11f6cadf6251ce6e43ce69962883813dd0300","BASELINE_COPY","Exact source bytes retained as the compatibility baseline.","VERIFIED_EXACT","255cfd869b8089e92b8489ffb3b11f6cadf6251ce6e43ce69962883813dd0300"
"video-production-core-main/tests/unit/test_side_effect_free.py","tests/unit/test_side_effect_free.py","file","3859","1392","02247049ae6206b20b1d5de712a5531dada89b67156427129ac063327dc4f3d3","BASELINE_COPY","Exact source bytes retained as the compatibility baseline.","VERIFIED_EXACT","02247049ae6206b20b1d5de712a5531dada89b67156427129ac063327dc4f3d3"
"video-production-core-main/tests/unit/test_synthetic_fixture.py","tests/unit/test_synthetic_fixture.py","file","470","259","a06d9981fb3b65914235ede0ab7e153094f0ccd68e971957f4df77da3ee230f1","BASELINE_COPY","Exact source bytes retained as the compatibility baseline.","VERIFIED_EXACT","a06d9981fb3b65914235ede0ab7e153094f0ccd68e971957f4df77da3ee230f1"
"video-production-core-main/tests/unit/test_workflow_policy.py","tests/unit/test_workflow_policy.py","file","4342","1145","818331e4ed367495b162beaa54a2f21a19286c6771313c16ffe413a654d4dc10","BASELINE_COPY","Exact source bytes retained as the compatibility baseline.","VERIFIED_EXACT","818331e4ed367495b162beaa54a2f21a19286c6771313c16ffe413a654d4dc10"
"video-production-core-main/tests/unit/test_workspace_export.py","tests/unit/test_workspace_export.py","file","7241","1792","ebf972951df5f8ee8d26bbb71c21c5b58870f6b326fffcaec2c4594467bcdbf5","BASELINE_COPY","Exact source bytes retained as the compatibility baseline.","VERIFIED_EXACT","ebf972951df5f8ee8d26bbb71c21c5b58870f6b326fffcaec2c4594467bcdbf5"
"video-production-core-main/tests/unit/test_workspace_init.py","tests/unit/test_workspace_init.py","file","6925","1905","f31c78bc01d0b9094aba45f24562db8be8725efdc126affc4afdace6384424f8","BASELINE_COPY","Exact source bytes retained as the compatibility baseline.","VERIFIED_EXACT","f31c78bc01d0b9094aba45f24562db8be8725efdc126affc4afdace6384424f8"
"video-production-core-main/tools/","tools/","directory","0","0","","REGENERATE","Directory entry is recreated implicitly by the controlled file import.","RECREATED_DIRECTORY",""
"video-production-core-main/tools/check_core_purity.py","tools/check_core_purity.py","file","1058","501","52fea4e371605c9bcebabbbebcb15c07105833ceba3c1b9f5fa86b7660052877","BASELINE_COPY","Exact source bytes retained as the compatibility baseline.","VERIFIED_EXACT","52fea4e371605c9bcebabbbebcb15c07105833ceba3c1b9f5fa86b7660052877"
"video-production-core-main/tools/check_repo_isolation.py","tools/check_repo_isolation.py","file","7144","2321","6ba993bf9fb69ee97b5e2dc36a48d137c6d64f13b0acf36f9ef314ff7df80d57","BASELINE_COPY","Exact source bytes retained as the compatibility baseline.","VERIFIED_EXACT","6ba993bf9fb69ee97b5e2dc36a48d137c6d64f13b0acf36f9ef314ff7df80d57"
"video-production-core-main/tools/check_side_effect_free.py","tools/check_side_effect_free.py","file","10660","3171","9d5046456b368e2320e2434f4c41ab3cd20576c4742ae584e4b7a0dcc5af5969","BASELINE_COPY","Exact source bytes retained as the compatibility baseline.","VERIFIED_EXACT","9d5046456b368e2320e2434f4c41ab3cd20576c4742ae584e4b7a0dcc5af5969"
